<?xml version="1.0" encoding="UTF-8" standalone="no"?>
<projects>
    <server id="1">
        <path>/home/hxs/Desktop/site_test/technofriend</path>
        <address>127.0.0.1</address>
        <port>8080</port>
        <log>true</log>
        <name>Technofriend</name>
        <pid/>
    </server>
    <server id="2">
        <path>C:\Users\</path>
        <address>127.0.0.1</address>
        <port>8080</port>
        <log>true</log>
        <name>Win Merda</name>
        <pid/>
    </server>
    <server id="4">
        <path>/home/hxs/Downloads</path>
        <address>0.0.0.0</address>
        <port>8080</port>
        <log>true</log>
        <name>fdf</name>
        <pid/>
    </server>
</projects>
